"","totalPatientsPerMethod","nbMeanPerMethod","nbVarPerMethod","offsetMeanPerMethod","offsetVarPerMethod"
"Annual",3292,4.25091130012151,9.91239741604718,5.94684032429318,11.852730371037
"Expec. Time GR",3274,1.93769089798412,1.41346698789715,15.1206176298569,141.488178916913
"F1-Score",3310,4.79033232628399,5.07842596966989,6.59550840955441,20.6401563671599
"Median Time GR",3310,2.04592145015106,1.88219847156341,14.2039358958291,146.52400199218
"Mixed Approach",3292,3.20595382746051,4.63559234269576,10.4728481007209,88.8150447937799
"PRIAS",3292,3.9902794653706,8.37533445519872,7.9134259865046,60.4561253067371
"Youden's J",3274,4.61484422724496,3.86597496226132,8.21572199005279,133.064045777277
