"","totalPatientsPerMethod","nbMeanPerMethod","nbVarPerMethod","offsetMeanPerMethod","offsetVarPerMethod"
"Annual",3316,5.17098914354644,4.49166120795302,5.9770587897888,11.9374027980375
"Expec. Time GR",3385,1.93382570162482,1.46259401092124,14.9003582448111,145.661028393453
"F1-Score",3247,4.71696951031722,4.86091964254672,6.64840744889072,21.722558060618
"Median Time GR",3247,2.10963966738528,2.16501715807794,13.6508809643911,133.610065263625
"Mixed Approach",3316,3.70506634499397,1.85642341694574,10.5962094532387,54.3640569130328
"PRIAS",3316,4.80398069963812,3.93247629566177,8.59527350631474,71.6181602741425
"Youden's J",3385,4.56868537666174,4.10255314344709,8.49137859186175,159.172831440382
