"","totalPatientsPerMethod","nbMeanPerMethod","nbVarPerMethod","offsetMeanPerMethod","offsetVarPerMethod"
"Annual",3375,6.28474074074074,3.11016389093215,6.11437952132089,11.8591976777383
"Expec. Time GR",3324,1.92418772563177,1.41686337891418,15.4078786390443,153.436086467494
"F1-Score",3426,4.69760653823701,4.83810435691036,6.65828416719134,17.8967540837255
"Median Time GR",3426,2.08056042031524,2.05088553146996,13.7236223795676,140.224129005801
"Mixed Approach",3375,4.36444444444444,1.5898775243432,8.40155569909867,32.8894990642614
"PRIAS",3375,5.76918518518518,2.91785398468073,9.17571285465422,89.2620323470973
"Youden's J",3324,4.48134777376655,4.07833818034729,7.89597131470697,96.7135612101594
